,19, access, station,timezone,20 thursday,20 saturday
column-options,days ardp,,,,days ardp reverse,days reverse
,,,,,"<div style=""text-align:center"">(weekdays into NYP)</div>","<div style=""text-align:center"">(weekends into NYP)</div>"
updown,,,,,,
NYP,,,,,20 thursday last,20 saturday last
NWK,,,,,,
MET,,,,,,
NBK,,,,,,
PJC,,,,,,
TRE,,,,,,
PHL,,,,,,
WIL,,,,,,
BAL,,,,,,
BWI,,,,,,
WAS,,,,,,
ALX,,,,,,
MSS,,,,,,
CLP,,,,,,
CVS,,,,,,
LYH,,,,,,
DAN,,,,,,
GRO,,,,,,
HPT,,,,,,
SAL,,,,,,
CLT,,,,,,
GAS,,,,,,
SPB,,,,,,
GRV,,,,,,
CSN,,,,,,
TCA,,,,,,
GNS,,,,,,
ATL,,,,,,
ATN,,,,,,
BHM,,,,,,
TCL,,,,,,
MEI,,,,,,
LAU,,,,,,
HBG,,,,,,
PIC,,,,,,
SDL,,,,,,
NOL,,,,,,
